item,word,part_of_speech,pronunciation,meaning
1,about,adv.,อะเบาทฺ,"ประมาณ, ราวๆ"
2,absent,adj.,แอบเซนทฺ,"ไม่อยู่, ขาด"
3,accent,n.,แอคเซนทฺ,"การเน้นเสียง, สำเนียง"
4,acrobat,n.,อะโครแบท,นักกายกรรม
5,act,n.,แอคทฺ,"กระทำ, แสดง"
6,action,n.,แอคชึ่น,การแสดง
7,action film,n.,แอคชึ่น ฟิล์ม,หนังบู๊
8,activity,n.,แอคทีฟวิที,กิจกรรม
9,actor,n.,แอคเทอะ,นักแสดงชาย
10,actress,n.,แอคเทรส,นักแสดงหญิง
11,add,v.,แอด,"เพิ่ม, เสริม, เติม, บวก"
12,address,n.,แอดเดรส,ที่อยู่
13,adult,n.,แอดัลทฺ,ผู้ใหญ
14,adventure,n.,แอดเวนเจอะ,การผจญภัย
15,advertisement,n.,แอดเวอะไทซฺเมินทฺ,"การโฆษณา, คำโฆษณา"
16,afraid,adj.,อะเฟรด,กลัว
17,Africa,n.,แอฟริคา,ทวีปแอฟริกา
18,after,prep.,อาฟเทอะ,"หลัง, หลังจาก"
19,afternoon,n.,อาฟเทอะนูน,"หลังเที่ยง, บ่าย"
20,after-school,adj.,อาฟเทอะ สกูล,หลังเลิกเรียน
21,age,n.,เอจ,อายุ
22,ago,adv.,อะโก,"แต่ก่อน, มาแล้ว"
23,agree,v.,อะกรี,ตกลง
24,agreement,n.,อะกรีเมินทฺ,"ข้อตกลง, ความตกลง, ความยินยอม"
25,airline,n.,แอร์ไลนฺ,สายการบิน
26,airplane,n.,แอร์เพลน,เครื่องบิน
27,airport,n.,แอร์พอรทฺ,สนามบิน
28,all,adj.,ออล,ทั้งหมด
29,almost,adv.,ออลโมสทฺ,"เกือบ, จวนเจียน, ฉิวเฉียด"
30,alone,adv.,อะโลน,โดดเดี่ยวเดียวดาย
31,alphabet,n.,แอลฟาเบท,อักษรพยัญชนะ
32,alright,adv.,ออลไรทฺ,ดีแล้ว
33,always,adv.,ออเวซฺ,"ตลอดไป, ตลอดเวลา"
34,amazing,adj.,อะเมซิ่ง,น่าประหลาดใจ
35,ambulance,n.,แอมบิวเลินซฺ,รถพยาบาล
36,amusement,n.,อะมิวซฺเมินทฺ,ความเพลิดเพลิน
37,animal,n.,แอนิมอล,สัตว์
38,ankle,n.,แองเคิล,ข้อเท้า
39,answer,n.,แอนเซอะ,"คำตอบ, ผลลัพธ์"
40,any,pron.,เอนนี่,"คนหนึ่งหนึ่งคนใด, ใคร, ใดๆ, สิ่งใดๆ"
41,apartment,n.,อะพาทเมินทฺ,อพาร์ตเมนท์
42,appearance,n.,อะเพียเรินซฺ,"การปรากฏตัว, ลักษณะท่าทาง"
43,architect,n.,อะคีเทคทฺ,สถาปนิก
44,arrive,v.,อะไรฟฺ,มาถึง
45,arrow,n.,แอโรวฺ,ลูกธนู
46,artist,n.,อาร์ทิสทฺ,"นักศิลปะ, นักแสดง"
47,ask,v.,อาสคฺ,"ถาม, ขอร้อง"
48,asleep,adj.,แอสลีพ,ซึ่งหลับอยู่
49,astronaut,n.,แอสโตรนอท,มนุษย์อวกาศ
50,athlete,n.,แอทลีธ,นักกีฬา
51,aunt,n.,อานทฺ,"ป้า, น้าชาย, อาชาย"
52,avocado,n.,อะโวคาโด,ผลอโวคาโด
53,axe,n.,แอกซฺ,ขวาน
54,back,n.,แบค,"หลัง, ข้างหลัง"
55,backpack,n.,แบกแพค,กระเป๋าสะพายหลัง
56,bad,adj.,แบด,"ชั่วร้าย, ไม่ดี, เลว, เสีย"
57,badminton,n.,แบดมินเทิน,กีฬาแบดมินตัน
58,bag,n.,แบก,"ถุง, กระเป๋า"
59,bake,v.,เบค,"ทำขนมปัง, ผิง, อบ"
60,bakery,n.,เบเกอรี่,ร้านขายขนมปง
61,banana,n.,บะแนนนะ,กล้วย
62,band,n.,แบนดฺ,วงดนตรี
63,bank,n.,แบงคฺ,"ธนาคาร, ตลิ่ง"
64,barbecue,n.,บาร์บีคิว,การย่างเนื้อ
65,bark,v.,บาร์คฺ,เห่า
66,baseball,n.,เบสบอล,กีฬาเบสบอล
67,basket,n.,บาสเกท,"กระจาด, ตะกร้า, กระบุง"
68,bat,n.,แบท,"ค้างคาว, กระบอง"
69,bath,v.,บาธ,อาบน้ำ
70,bathroom,n.,บาธรูม,ห้องนน้ำ
71,beach,n.,บีช,ชายหาด
72,bean,n.,บีน,"ฝักถั่ว, ถั่ว"
73,bear,n.,แบร์,หมี
74,beautiful,adj.,บิวทิฟูล,"สวย, งดงาม"
75,because,conj.,บีเคิส,"เพราะว่า, เนื่องจาก"
76,bed,n.,เบด,"เตียงนอน, ที่สำหรับนอน"
77,bedroom,n.,เบดรูม,ห้องนอน
78,bee,n.,บี,ผึ้ง
79,beef,n.,บีฟ,เนื้อวัว
80,begin,v.,บีกิน,เริ่ม
81,belt,n.,เบลทฺ,"เข็มขัด, สายพาน"
82,berry,n.,เบอรี่,ผลไม้ตระกูลเบอร์รี่
83,best,adj.,เบสทฺ,ดีที่สุด
84,between,prep.,บีทวีน,"ระหว่าง, คั่นกลาง"
85,beverage,n.,เบฟเวอเรจ,เครื่องดื่ม
86,big,adj.,บิก,ใหญ่
87,bill,n.,บิล,"ใบเสร็จเก็บเงิน, บัญชีรายการ, ตั๋ว"
88,biology,n.,ไบออลโลจิ,ชีววิทยา
89,bird,n.,เบิร์ด,"นก, สัตวปีก"
90,birthday,n.,เบิร์ธเด,วันเกิด
91,bite,v.,ไบทฺ,"กัด, กิน"
92,black,adj.,แบลค,สีดำ
93,blanket,n.,แบลงคิท,ผ้าห่ม
94,block,n.,บลอค,"ตึกใหญ่, สิ่งกีดขวาง"
95,blood,n.,บลัด,"เลือด, สายเลือด"
96,bloom,n.,บลูม,"การออกดอก, ความเบ่งบาน"
97,blouse,n.,เบลาซฺ,เสื้อครึ่งตัวของสตรี
98,blow,v.,โบลวฺ,"เป่าลม, ผิวปาก"
99,board,n.,บอร์ด,"ไม้กระดาน, บอร์ด"
100,boat,n.,โบท,เรือ
101,body,n.,บอดี,"ร่างกาย, ร่าง"
102,boil,v.,บอยลฺ,ทำให้เดือด
103,book,n.,บุค,หนังสือ
104,bookstore,n.,บุค สตอร์,ร้านหนังสือ
105,boot,n.,บูท,รองเท้าบูท
106,bored,adj.,บอรดฺ,เบื่อหน่าย
107,boring,adj.,บอริ่ง,น่าเบื่อหน่าย
108,borrow,v.,บอรโรว,ยืม
109,bottle,n.,บอทเทิล,ขวด
110,bottom,n.,บอทเทิม,"ก้น, พื้นฐาน"
111,bowl,n.,โบวฺ,"การโยนโบวลิ่ง, ลูกโบวลิ่ง"
112,box,n.,บอกซฺ,กล่อง
113,boy,n.,บอยลฺ,เด็กผู้ชาย
114,boyfriend,n.,บอยเฟรนดฺ,เพื่อนชาย
115,brain,n.,เบรน,"สมอง, สติปํญญา, คนฉลาด"
116,bread,n.,เบรด,ขนมปัง
117,break,v.,เบรก,"ทำแตก, ทุบ, ทำลาย"
118,breakfast,n.,เบรคเฟิสทฺ,อาหารเช้า
119,bridge,n.,บริจ,สะพาน
120,British,n.,บริทิช,คนอังกฤษ
121,brother,n.,บราเธอะ,พี่/น้องชาย
122,brother-in-law,n.,บราเธอะ อิน ลอ,น้องเขย
123,brown,n.,บราวนฺ,สีน้ำตาล
124,brush,n.,บรัช,"แปรง, พู่กัน"
125,bucket,n.,บัคคิท,ถังน้ำ
126,bug,n.,บัก,แมลง
127,Burmese,n.,เบอร์มิส,"ชาวพม่า, ภาษาพม่า"
128,burn,v.,เบิร์น,"เผา, ลวก, สุก, ไหม้, ทำให้ไหม้"
129,bus,n.,บัส,รถประจำทาง
130,business,n.,บิซซิเนส,"ธุรกิจ, กิจการ"
131,businessman,n.,บิซซิเนสแมน,นักธุรกิจ
132,businesswoman,n.,บิซซิเนสวูแมน,นักธุรกิจหญิง
133,busy,adj.,บิซซี่,"ไม่ว่าง, หมกมุ่น, ยุ่ง"
134,but,conj.,บัท,"แต่, นอกจาก, เว้นแต่, หากแต่"
135,butter,n.,บัทเทอะ,เนยเหลว
136,buy,v.,บาย,ซื้อ
137,cabbage,n.,แคบบิจ,ผักจำพวกกะหล่ำปลี
138,cable,n.,เคเบิล,สายเคเบิล
139,cage,n.,เคจ,กรง
140,cake,n.,เคก,ขนมเค้ก
141,calendar,n.,คาเลนเดอะ,ปฏิทิน
142,call,v.,คอล,"เรียก, ร้องขอ"
143,camel,n.,คาเมล,อูฐ
144,camera,n.,คาเมร่า,กล้องถ่ายรูป
145,Canadian,n.,แคนนาเดียน,ชาวแคนนาดา
146,candle,n.,แคนเดิล,เทียน
147,candy,n.,แคนดี้,"ลูกกวาด, ขนม"
148,cap,n.,แคพ,หมวก
149,capital,n.,แคพปิทอล,เมืองหลวง
150,car,n.,คาร์,รถ
151,card,n.,คาร์ด,บัตร
152,careful,adj.,แคร์ฟูล,"ระมัดระวัง, รอบคอบ"
153,carpenter,n.,คาร์เพนเทอะ,ช่างไม้
154,carpet,n.,คาร์พิท,พรม
155,carrot,n.,แคร์เริท,แครอท
156,carry,v.,แคร์รี่,แบก
157,carton,n.,คาร์ทูน,กล่องกระดาษ
158,cash,n.,แคช,เงินสด
159,cat,n.,แคท,แมว
160,cell phone,n.,เซล โฟน,โทรศัพท์มือถือ
161,center,n.,เซนเทอะ,ศูนย์กลาง
162,cereal,n.,ซีเรียล,"ธัญพืช, เมล็ดข้าว"
163,chair,n.,แชร์,"เก้าอี้, ตำแหน่งการงาน"
164,change,v.,เชนจฺ,เปลี่ยนแปลง
165,charming,adj.,ชาร์มมิ่ง,"จับใจ, ยั่วยวน, มีเสน่ห์"
166,chart,n.,ชาร์ท,"แผนภูมิ, ผัง"
167,chat,v.,แชท,"สนทนา, พูดคุย"
168,cheap,adj.,ชีพ,ราคาถูก
169,check,v.,เชค,"ขีดกากบาท, ตรวจสอบ"
170,cheese,n.,ชีส,"เนยแข็ง, ชีส"
171,cheesecake,n.,ชีสเคก,ขนมซีสเค้ก
172,cheetah,n.,ชีทาร์,เสือชีต้า
173,chef,n.,เชฟ,หัวหน้าคนครัว
174,cherry,n.,เชอร์รี่,ผลเชอร์รี่
175,chess,n.,เชส,เกมหมากรุก
176,chicken,n.,ชิคเคิน,ไก่
177,children,n.,ชิลเดรน,เด็ก
178,chocolate,n.,ชอคคะเลิท,ช็อกโกแลต
179,chocolate cake,n.,ชอคคะเลิท เคก,เค้กช็อกโกแลต
180,chop,v.,ชอพ,สับ
181,chopstick,n.,ชอพสติก,ตะเกียบ
182,church,n.,เชิร์ช,โบสถ์
183,cinema,n.,ซินนะมา,โรงภาพยนตร์
184,circle,n.,เซอเคิล,วงกลม
185,city,n.,ซิที่,เมือง
186,clap,v.,แคลพ,ปรบมือ
187,class,n.,คลาส,ห้องเรียน
188,classmate,n.,คลาสเมท,เพื่อนร่วมชั้น
189,clean,adj.,คลีน,สะอาด
190,clean up,v.,คลีน อัพ,ทำให้เป็นระเบียบเรียบร้อย
191,clear,adj.,เคลียร์,"ชัดเจน, สะอาด"
192,clerk,n.,เคลิค,เสมียน
193,clever,adj.,เคลฟเวอะ,ฉลาด
194,climb,v.,คลามบฺ,"ปีน, ไต่"
195,close,adj.,โคลส,"ใกล้ชิด, สนิท"
196,closet,n.,โคลสซิท,"ห้องส้วม, ห้องน้ำ, ตู้ติดผนัง"
197,clothes,n.,โคลธซฺ,"เสื้อผ้า, เครื่องนุ่งหม"
198,clothing,v.,โคลธิ่ง,"เสื้อผ้า, เครื่องนุ่งห่ม"
199,cloud,n.,คลาวดฺ,เมฆ
200,cloudy,adj.,คลาวดี้,"เต็มไปด้วยกลุ่มเมฆ, มืดมัว, เศร้าซึม"
201,club,n.,คลับ,"สโมสร, ชมรม"
202,Coach,n.,โคช,ผู้ฝึกสอน
203,coat,n.,โคท,"เสื้อคลุม, เสื้อนอก, ขนสัตว์"
204,cockroach,n.,คอคโรช,แมลงสาบ
205,coffee,n.,คอฟฟี่,กาแฟ
206,cold,adj.,โคลดฺ,หนาวเย็น
207,collection,n.,คอลเลคเชิน,การสะสม
208,college,n.,คอลลิจ,วิทยาลัย
209,color,n.,คัลเลอะ,สี
210,comb,n.,โคมบฺ,"รวงผึ้ง, หวี"
211,come,v.,คัม,"มา, ปรากฏ"
212,comic,n.,คอมมิค,"หนังสือการ์ตูน, ตัวละครตลก"
213,company,n.,คัมพานี,บริษัท
214,compass,n.,คัมเพิส,เข็มทิศ
215,computer,n.,คัมพิวเทอะ,คอมพิวเตอร์
216,concert,n.,คอนเซิท,คอนเสิร์ต
217,confident,adj.,คอนฟิเดินทฺ,รู้สึกแน่ใจรู้สึกมั่นใจ
218,continue,v.,คันทินิว,ทำต่อไป
219,control,v.,คันโทรว,ควบคุม
220,conversation,n.,คอนวะเซเชิน,การสนทนา
221,cook,v.,คุก,"ทำกับข้าว, ประกอบอาหาร"
222,cool,adj.,คุล,เย็นสบาย
223,corn,n.,คอร์น,ข้าวโพด
224,corner,n.,คอร์เนอะ,"มุม, หัวเลี้ยว"
225,correct,v.,เคอะเรคทฺ,ทำให้ถูกต้อง
226,cost,n.,คอสทฺ,"ทุน, ค่าใช้จ่าย"
227,costume,n.,คอสทูม,เครื่องแต่งกาย
228,cotton,n.,คัทเทิน,ฝ้าย
229,cough,n.,คัฟ,"เสียงไอ, การไอ"
230,count,v.,เคาทฺ,นับ
231,country,n.,คันทรี,ประเทศ
232,couple,n.,คัพเพิล,"คู่, สามีภรรยา, คู่หมั้น"
233,cousin,n.,คัซเซิน,ลูกพี่ลูกน้อง
234,crazy,adj.,เครซี่,บ้า
235,credit card,n.,เครดิท คาร์ด,บัตรเครดิต
236,crocodile,n.,ครอคคะไดลฺ,จระเข้
237,cry,v.,คราย,ร้องไห้
238,curly,adj.,เคอร์ลี่,"งอ, เป็นลอน"
239,cut,v.,คัท,"ตัด, ลด"
240,cute,adj.,คิวทฺ,น่ารัก
241,cycle,n.,ไซเคิล,"วงเวียน, วัฏจักร, รถจักรยาน"
242,dad,n.,แดด,พ่อ
243,dance,v.,แดนซฺ,เต้นรำ
244,dangerous,adj.,เดนเจอเริส,เป็นอันตราย
245,dark,adj.,ดาร์ก,ความมืด
246,date,n.,เดท,วันที่
247,daughter,n.,ดอเธอะ,ลูกสาว
248,day,n.,เด,"กลางวัน, วัน"
249,December,n.,ดีเซมเบอะ,เดือนธันวาคม
250,delicious,adj.,ดิลิชเชิส,"อร่อย, กลมกล่อม"
251,dentist,n.,เดนทิสทฺ,หมอฟัน
252,desert,n.,เดซเซิท,ทะเลทราย
253,design,v.,ดีไซนฺ,"คิดค้น, ออกแบบ"
254,designer,n.,ดีไซเนอะ,"ผู้ออกแบบ, ดีไซเนอร์"
255,dessert,n.,ดีเซิท,ของหวาน
256,diary,n.,ไดอะรี่,สมุดบันทึกประจำวัน
257,dice,n.,ไดซฺ,ลูกเต๋า
258,dictionary,n.,ดิคเชินนะรี่,พจนานุกรม
259,die,v.,ดาย,"ตาย, พินาศ, หยุด"
260,difficult,adj.,ดิฟฟะคัลทฺ,"ยาก, ลำบาก"
261,dig,v.,ดิก,"ขุด, เจาะ"
262,dinner,n.,ดินเนอะ,อาหารค่ำ
263,dinosaur,n.,ไดโนซอร์,ไดโนเสาร์
264,direction,n.,ดิเรคเชิน,"ทิศทาง, การควบคุมหรือการจัดการ"
265,dirty,adj.,เดอร์ที,สกปรก
266,disco,n.,ดิสโค,"ไนท์คลับ, ดิสโก"
267,dish,n.,ดิช,"จาน, อาหาร"
268,dislike,v.,ดิสไลคฺ,ไม่ชอบ
269,doctor,n.,ดอคเทอะ,"หมอ, แพทย์"
270,dollar,n.,ดอลล่า,ดอลลาร์ (หน่วยเงินตรา)
271,dolphin,n.,ดอลฟิน,ปลาโลมา
272,doorbell,n.,ดอร์เบล,กริ่งหน้าประตู
273,dot,n.,ดอท,จุด
274,dough,n.,โด,ส่วนผสมขนมปัง
275,doughnut,n.,โดนัท,ขนมโดนัท
276,dozen,n.,ดอซเซิน,1 โหล
277,dragon,n.,แดรกเกิ่น,มังกร
278,drama,n.,ดราม่า,"บทละคร, เรื่องละคร, ละคร"
279,draw,v.,ดรอวฺ,"ดึง, ลาก, วาดรูป"
280,dream,n.,ดรีม,"ความฝัน, การเพ้อฝัน"
281,dress,n.,เดรส,"เครื่องแต่งกาย, เสื้อชุด"
282,drink,v.,ดริงคฺ,"ดื่ม, ดูด, ดูดดื่ม"
283,drinker,adj.,ดริงเคอะ,"คนดื่ม, นักดื่มเหล้า"
284,driver,n.,ไดรฟเวอะ,คนขับรถ
285,Dutch,adj.,ดัทชฺ,เกี่ยวกับประชาชนและภาษาของเนเธอร์แลนด์
286,eagle,n.,อีเกิล,นกอินทรี
287,early,adv.,เออลี่,"เช้า, แต่เช้า, ก่อนเวลากำหนด"
288,easy,adj.,อีซซี่,"ง่าย, สบาย"
289,eat,v.,อีท,"กินอาหาร, รับประทานอาหาร"
290,education,n.,เอดจุเคเชิน,การศึกษา
291,elephant,n.,เอลเลอะเฟินทฺ,ช้าง
292,e-mail,n.,อีเมล,จดหมายอิเล็กทรอนิคส์
293,end,v.,เอนดฺ,"จบ, ท้ายสุด, ลงท้าย"
294,energy,n.,เอนเนอจี,พลังงาน
295,England,n.,อิงเลินดฺ,ประเทศอังกฤษ
296,English,n.,อิงลิช,ภาษาอังกฤษ
297,enjoy,v.,เอนจอย,สนุก
298,environment,n.,เอนไวเรินเมินทฺ,สิ่งแวดล้อม
299,evening,n.,อีฟนิ่ง,ตอนเย็น
300,event,n.,อีเวินทฺ,"เหตุการณ์, ผล"
301,every,adj.,เอฟวรี่,ทุกๆ
302,evil,n.,อีเวิล,"ความชั่ว, ความเลวร้าย"
303,exam,n.,อิกแซม,"การสอบ, การทดสอบ"
304,example,n.,อิกแซมเพิล,"เป็นตัวอย่าง, แบบอย่าง"
305,excellent,adj.,เอกเซอะเลินทฺ,"ดีเด่น, เยี่ยม"
306,excited,adj.,อิกไซเทด,ตื่นเต้นดีใจ
307,exciting,adj.,อิกไซทิ่ง,น่าตื่นเต้น
308,exercise,n.,เอคเซอไซซ,"การออกกำลังกาย, แบบฝึกหัด"
309,exit,n.,เอกซิท,ทางออก
310,expensive,adj.,อิกซเปนซีฟ,มีราคาแพง
311,experience,n.,อิกซเปียเรียนซฺ,ประสบการณ์
312,extra,adj.,เอกซตรา,"เป็นพิเศษ, พิเศษ"
313,eye,n.,อาย,ตา
314,far,adv.,ฟาร์,ไกล
315,farmer,n.,ฟาร์เมอะ,เกษตรกร
316,farther,adv.,ฟาร์เธอะ,ไกลออกไป
317,fast,adj.,ฟาสทฺ,เร็ว
318,fast food,n.,ฟาสทฺฟูด,อาหารจานด่วน
319,favorite,n.,เฟเวอริท,คนหรือสิ่งของที่เป็นที่ชื่นชอบ
320,fax,n.,แฟกซฺ,โทรสาร
321,feather,n.,เฟทเธอะ,"ขนนก, ไรผม"
322,feel,v.,ฟีล,รู้สึก
323,female,n.,ฟีเมล,สตรีหรือเพศหญิง
324,festival,n.,เฟสทิเวิล,วันเฉลิมฉลอง
325,few,adj.,ฟิว,"น้อยมาก, สองสามสิ่ง"
326,fill,v.,ฟิล,ทำให้เต็ม
327,film,n.,ฟิล์ม,ภาพยนตร์
328,final,adj.,ไฟนอล,สุดท้าย
329,find,v.,ไฟนดฺ,"พบ, หา"
330,finger,n.,ฟิงเกอะ,นิ้วมือ
331,finish,v.,ฟินิช,"สำเร็จ, เสร็จ"
332,fire,n.,ไฟเออะ,"ไฟ, กองไฟ"
333,first,n.,เฟิร์สทฺ,ลำดับแรก
334,first day,n.,เฟิร์สทฺ เด,วันแรก
335,fishing,n.,ฟิชชิ่ง,"การจับปลา, ตกปลา"
336,fit,v.,ฟิท,"เหมาะสม, พอดี, กระชับ"
337,flag,n.,แฟลก,ธง
338,floor,n.,ฟลอร์,พื้น
339,flour,n.,ฟลาวเออะ,แป้งทำขนมหรืออาหาร
340,flower,n.,ฟลาวเวอะ,ดอกไม้
341,fly,v.,ฟลาย,"บิน, ขับเครื่องบิน, ทำให้ลอย"
342,foggy,adj.,ฟอกกี,มีหมอกมาก
343,food,n.,ฟูด,อาหาร
344,football,n.,ฟุทบอล,ฟุตบอล
345,for,prep.,ฟอร์,"สำหรับ, เพื่อ"
346,forest,n.,ฟอร์เรสทฺ,ป่า
347,forever,adv.,ฟอเรฟเวอะ,"นิรันดร, ตลอดไป"
348,forget,v.,ฟอร์เกท,ลืม
349,form,n.,ฟอร์ม,รูปแบบ
350,formal,adj.,ฟอร์มอล,"ตามธรรมเนียม, เป็นทางการ"
351,free,adj.,ฟรี,"มีอิสระ, เสรีภาพ, ฟรี"
352,free time,n.,ฟรี ไทมฺ,เวลาว่าง
353,freeze,n.,ฟรีซ,อากาศเย็นถึงจุดเยือกแข็ง
354,French,n.,เฟรนชฺ,ชาวฝรั่งเศส
355,frequency,n.,ฟรีเควินซี่,ความถี่
356,Friday,n.,ฟรายเด,วันศุกร์
357,friend,n.,เฟรนดฺ,"เพื่อน, มิตร, สหาย"
358,friendly,adj.,เฟรนดลี,เป็นมิตร
359,frog,n.,ฟรอก,กบ
360,fruit,n.,ฟรุท,ผลไม้
361,fry,v.,ฟราย,ทอด
362,fun,n.,ฟัน,ความสนุกสนาน
363,funny,adj.,ฟันนี,ตลก
364,fur,n.,เฟอ,ขนสัตว์
365,future,n.,ฟิวเชอะ,อนาคต
366,game,n.,เกม,เกม
367,garage,n.,การ์ราจ,โรงรถ
368,garden,n.,การ์เดิน,"สวน, อุทยาน"
369,garlic,n.,การ์ลิค,กระเทียม
370,gas,n.,แกส,ก๊าซ
371,geography,n.,จีออกราฟฟี่,ภูมิศาสตร์
372,German,n.,เจอร์เมิน,ชาวเยอรมัน
373,get,v.,เกท,"เอา, ได้รับ, เข้าใจ"
374,get up,v.,เกท อัพ,ยืนขึ้น
375,ghost,n.,โกสทฺ,"ภูต, ผี"
376,gift,n.,กิฟทฺ,ของขวัญ
377,girl,n.,เกิร์ล,เด็กผู้หญิง
378,give,v.,กิวฟฺ,"ให้, มอบ"
379,glass,n.,กลาส,"แก้วน้ำ, กระจก"
380,glove,n.,โกลวฟฺ,ถุงมือ
381,go,v.,โก,ไป
382,goat,n.,โกท,แพะ
383,God,n.,กอด,พระเจ้า
384,goddess,n.,กอดดิส,เทพธิดา
385,golden,adj.,โกลเดิน,สีทอง
386,golf,n.,กอล์ฟ,กีฬากอล์ฟ
387,good,adj.,กูด,"ดี, มีคุณธรรม"
388,gorilla,n.,กอริลล่า,กอริล่า
389,grade,n.,เกรด,ระดับ
390,grandma,n.,แกรนม่า,ย่าหรือยาย
391,grandpa,n.,แกรนพ่า,ปู่หรือตา
392,grandparent,n.,แกรนพาเรินทฺ,ปู่ย่าตายาย
393,grass,n.,กราส,หญ้า
394,grasshopper,n.,กราสฮอพเพอะ,ตั๊กแตน
395,gray,adj.,เกร,สีเทา
396,great,adj.,เกรท,"ใหญ่, ยิ่งใหญ่, ดี"
397,Greece,n.,กรีส,ประเทศกรีซ
398,Greek,n.,กรีก,"ชาวกรีก, ภาษากรีก"
399,green,n.,กรีน,สีเขียว
400,greet,v.,กรีท,"ทักทาย, คำนับ"
401,group,n.,กรุพ,"กลุ่ม, หมู่"
402,grow,v.,โกรวฺ,"ปลูก, เติบโต, งอกงาม"
403,guitar,n.,กีท่าร์,กีตาร์
404,gum,n.,กัม,"ยางไม้, หมากฝรั่ง"
405,guy,n.,กาย,"คนนั้น, หมอนั่น"
406,gym,n.,จิม,โรงยิม
407,hair,n.,แฮร์,"ผม, ขน"
408,hairbrush,n.,แอร์บรัช,หวีแปรง
409,haircut,n.,แอร์คัท,การตัดผม
410,half,n.,ฮาล์ฟ,ครึ่ง
411,hamburger,n.,แฮมเบอเกอะ,แฮมเบอร์เกอร์
412,handsome,adj.,แฮนดฺเซิม,หล่อ
413,happen,v.,แฮพเพิน,"ปรากฏ, เกิดขึ้น"
414,happy,adj.,แฮพพี,"โชคดี, มีความสุข"
415,hard,adj.,ฮาร์ด,"แข็ง, ยาก, ลำบาก"
416,hate,v.,เฮท,เกลียด
417,head,n.,เฮด,ศีรษะ
418,headache,n.,เฮดเดค,อาการปวดศีรษะ
419,health,n.,เฮลธฺ,สุขภาพ
420,healthy,adj.,เฮลธี,"มีประโยชน์ต่อสุขภาพ, สุขภาพดี"
421,hear,v.,เฮีย,ได้ยิน
422,heart,n.,ฮาร์ทฺ,หัวใจ
423,heaven,n.,เฮฟเวิน,สวรรค์
424,heavy,adj.,เฮฟวี,น้ำหนักมาก
425,height,n.,ไฮทฺ,"ความสูง, ระดับสูง"
426,helicopter,n.,เฮลิคอพเทอะ,เฮลิคอปเตอร์
427,hello,interj.,เฮลโล,คำแสดงการทักทาย
428,help,v.,เฮลพฺ,ช่วย
429,here,adv.,เฮีย,"ที่นี้, ตรงนี้"
430,hero,n.,ฮีโร่ว,วีรบุรุษ
431,hey,interj.,เฮ,คำอุทานเพื่อทักทาย
432,hi,interj.,ไฮ,คำอุทานทักทาย
433,hide,v.,ไฮดฺ,"ซ่อน, บัง, ปกคลุม"
434,high,adj.,ไฮ,สูง
435,hill,n.,ฮิล,เนินเขา
436,hippo,n.,ฮิพโพ,ฮิปโป
437,history,n.,ฮิสทรี่,ประวัติศาสตร์
438,hit,v.,ฮิท,"ต่อย, ตี"
439,hobby,n.,ฮอบบี,งานอดิเรก
440,hole,n.,โฮล,"รู, โพลง"
441,holiday,n.,ฮอลิเด,"เทศกาล, วันนักขัตฤกษ, วันหยุดราชการ"
442,home,n.,โฮม,บ้าน
443,homesick,adj.,โฮมซิค,คิดถึงบ้าน
444,homework,n.,โฮมเวิร์ค,การบ้าน
445,honest,adj.,ออนนิสทฺ,ซื่อสัตย์
446,honey,n.,ฮันนี,น้ำผึ้ง
447,hop,v.,ฮอพ,กระโดด
448,horse,n.,ฮอร์ส,ม้า
449,horseback,n.,ฮอร์สแบค,หลังม้า
450,hospital,n.,ฮอสพิทัล,โรงพยาบาล
451,host,n.,โฮสทฺ,"เจ้าบ้าน, เจ้าภาพ"
452,hotel,n.,โฮเทล,โรงแรม
453,hour,n.,อาวเออะ,ชั่วโมง
454,how,adv.,ฮาว,"เพียงใด, แค่ไหน, อย่างไร"
455,hug,v.,ฮัก,"กอด, รัด"
456,hundred,n.,ฮันเดรด,หลักร้อย
457,hungry,adj.,ฮังกรี,หิว
458,husband,n.,ฮัสเบินดฺ,สามี
459,ice,n.,ไอซฺ,น้ำแข็ง
460,ice cream,n.,ไอซฺกรีม,ไอศกรีม
461,idea,n.,ไอเดีย,ความคิด
462,important,adj.,อิมพอร์เทินทฺ,สำคัญ
463,in front of,prep.,อิน ฟรอนทฺ ออฟ,ข้างหน้า
464,incorrect,adj.,อินเคอะเรคทฺ,ไม่ถูกต้อง
465,indoor,adj.,อินดอร์,"ในบ้าน, ในร่ม"
466,insect,n.,อินเซคทฺ,แมลง
467,inside,adv.,อินไซดฺ,"ข้างใน, ด้านใน"
468,interesting,v.,อินเทอเรสติง,น่าสนใจ
469,internet,n.,อินเทอเนท,อินเตอร์เน็ต
470,interview,n.,อินเทอวิว,การสัมภาษณ์
471,introduce,v.,อินทระดูวซฺ,แนะนำตัว
472,invite,v.,อินไวทฺ,"เชิญ, เชื้อเชิญ"
473,iron,v.,ไอรฺเอิน,รีด (เสื้อผ้า)
474,Italian,n.,อิแทลเยิน,ชาวอิตาลี
475,Italy,n.,อิททะลี,ประเทศอิตาลี
476,item,n.,ไอเทิม,"เรื่อง, ชิ้น, อัน"
477,jacket,n.,แจคคิท,เสื้อแจ็กเก็ท
478,jam,v.,แจม,"แออัด, ติดขัด"
479,jar,n.,จาร์,"ไห, กระปุก"
480,jazz,n.,แจส,ดนตรีแจส
481,jean,n.,จีน,ผ้ายีน
482,job,n.,จอบ,งาน
483,jog,v.,จอก,วิ่งเหยาะๆ
484,joke,v.,โจก,"พูดล้อเล่น, พูดตลก"
485,juice,n.,จูซ,"น้ำผลไม้, น้ำผัก"
486,jump,v.,จัมพฺ,กระโดด
487,junk,n.,จังคฺ,ขยะ
488,just,adv.,จัสทฺ,"เพิ่งจะ, เกือบจะ"
489,karaoke,n.,เคราโอคิ,การร้องคาราโอเกะ
490,keep,v.,คีพ,รักษา
491,kick,v.,คิค,"ถีบ, เตะ"
492,kid,n.,คิด,เด็ก
493,killer,n.,คิลเลอะ,"ผู้ฆ่า, นักฆ่า"
494,kilometer,n.,คิลอมมีเทอะ,กิโลเมตร
495,kind,adj.,ไคนดฺ,"กรุณา, เมตตา, ใจดี"
496,kindergarten,n.,คินเดอะการ์เทิน,โรงเรียนอนุบาล
497,king,n.,คิง,กษัตริย์
498,kiss,v.,คิส,จูบ
499,kitchen,n.,คิทเชิน,ครัว
500,knee,n.,นี,เข่า
501,knife,n.,ไนฟฺ,มีด
502,knit,v.,นิท,ถัก
503,know,v.,โนวฺ,"ทราบ, จำได้, รู้, รู้จัก"
504,lane,n.,เลน,ช่องทาง
505,language,n.,แลงเกวจฺ,ภาษา
506,large,adj.,ลาจ,"ส่วนใหญ่, ใหญ่, โต"
507,laser,n.,เลเซอะ,แสงเลเซอร
508,last,adj.,ลาสทฺ,"ที่แล้วมานี้, คราวสุดท้าย, สุดท้าย, ล่าสุด"
509,late,adj.,เลท,"สาย, ช้ากว่ากำหนด"
510,laugh,v.,ลัฟ,หัวเราะ
511,lawyer,n.,ลอเยอะ,ทนายความ
512,lazy,adj.,เลซี,เกียจคร้าน
513,lead,v.,ลีด,"นำ, นำพา, จูง, ชักจูง"
514,learn,v.,เลิร์น,เรียนรู้
515,least,adj.,ลีสทฺ,น้อยที่สุด
516,leather,n.,เลทเธอะ,หนังสัตว์
517,leave,v.,ลีฟ,"ออกไป, ออกจาก, ละทิ้ง"
518,leg,n.,เลก,ขา
519,lemon,n.,เลเมิน,มะนาว
520,lemonade,n.,เลเมอเนด,น้ำมะนาว
521,lens,n.,เลนซฺ,เลนส์
522,leopard,n.,เลพเพิร์ด,เสือดาว
523,let,v.,เลท,อนุญาต
524,letter,n.,เลทเทอะ,จดหมาย
525,lettuce,n.,เลททิวซฺ,ผักกาดหอม
526,library,n.,ไลบระลี,ห้องสมุด
527,lie,v.,ลาย,โกหก
528,life,n.,ไลฟฺ,ชีวิต
529,lifestyle,n.,ไลฟฺสไตล์,วิถีชีวิต
530,light,n.,ไลทฺ,"โคม, ตะเกียง, แสงไฟ"
531,like,v.,ไลคฺ,ชอบ
532,line,n.,ไลนฺ,เส้น
533,link,n.,ลิงคฺ,"การเชื่อมต่อ, ข้อต่อ"
534,lion,n.,ไลเยิน,สิงโต
535,list,n.,ลิสทฺ,รายการ
536,listen,v.,ลิสเซิน,ฟัง
537,little,adj.,ลิทเทิล,เล็กน้อย
538,live,v.,ลีฟ,"ดำรงชีพ, อาศัยอยู่"
539,lizard,n.,ลิซเซิร์ด,สัตวเลื้อยคลานพวกจิ้งจก
540,lobster,n.,ลอบสเตอะ,กุ้งทะเลขนาดใหญ่
541,location,n.,โลเคเชิน,"ตำแหน่ง, สถานที่"
542,locker,n.,ลอคเคอะ,ตู้ลอคเกอร์
543,London,n.,ลอนเดิน,กรุงลอนดอน
544,look,v.,ลุค,ดู
545,look after,v.,ลุคอาฟเทอะ,ดูแล
546,look at,v.,ลุคแอท,"พิจารณาบางสิ่งในทางที่พิเศษ, มองที่"
547,look for,v.,ลุคฟอร์,"ค้นหา, มองหา"
548,lost,adj.,ลอสทฺ,สูญหายไป
549,loud,adj.,ลาวดฺ,ดัง
550,low,adj.,โลว,"เตี้ย, ต่ำ"
551,lucky,adj.,ลัคคี,โชคดี
552,machine,n.,มัชชีน,"เครื่องจักร, ที่ใช้กำลังเครื่องจักร"
553,magazine,n.,แมกกะซีน,หนังนิตยสาร
554,magic,n.,เมจิค,เวทมนต์
555,make,v.,เมค,"ทำ, ก่อ, ผลิต, สร้าง"
556,male,n.,เมล,เพศชาย
557,mango,n.,แมงโก,มะม่วง
558,many,adj.,แมนนี,มาก
559,map,n.,แมพ,แผนที่
560,mark,n.,มาร์ค,เครื่องหมาย
561,marry,v.,แมร์รี,แต่งงาน
562,mat,n.,แมท,เสื่อ
563,match,n.,แมทชฺ,การแข่งขัน
564,math,n.,แมธ,คณิตศาสตร์
565,meal,n.,มีล,มื้ออาหาร
566,mean,v.,มีน,หมายถึง
567,meat,n.,มีท,เนื้อสัตว์
568,mechanic,n.,เมอะแคนนิค,นายช่าง
569,media,n.,มีเดีย,สื่อมวลชน
570,medicine,n.,เมดดิซีน,ยา
571,meet,v.,มีท,"พบ, เจอ"
572,meeting,n.,มีททิ่ง,การประชุม
573,melon,n.,เมลเลิน,ผลไม้จำพวกแตง
574,melt,v.,เมลทฺ,"ละลาย, หลอม"
575,member,n.,เมมเบอะ,สมาชิก
576,memory,n.,เมมมะรี่,ความจำ
577,message,n.,เมสเสจ,ข้อความ
578,meter,n.,มีทเทอะ,หน่วยวัดความยาวเป็นเมตร
579,Mexico,n.,เมกซิโก,ประเทศเม็กซิโก
580,microwave,n.,ไมโครเวฟ,ไมโครเวฟ
581,middle,adj.,มิดเดิล,ส่วนกลาง
582,midnight,n.,มิดไนทฺ,เที่ยงคืน
583,milk,n.,มิลคฺ,น้ำนม
584,million,n.,มิลเยิน,หนึ่งล้าน
585,minute,n.,มินนิท,นาที
586,mirror,n.,มิเรอะ,กระจกเงา
587,miss,v.,มิส,"ทำพลาด, ตกรถ, คิดถึง"
588,mix,v.,มิกซฺ,ผสม
589,modern,adj.,โมเดิร์น,ทันสมัย
590,moment,n.,โมเมินทฺ,ขณะนั้น
591,money,n.,มันนี,เงิน
592,monkey,n.,มังคี,"ลิง, เด็กซน"
593,month,n.,มันธฺ,เดือน
594,morning,n.,มอร์นิ่ง,"เช้า, เวลาเช้า"
595,most,adj.,โมสทฺ,มากที่สุด
596,motorbike,n.,โมเทอะไบค์,รถจักรยานยนต์
597,mountain,n.,เมาเทิน,"แถบภูเขา, ภูเขา, สูง"
598,mouse,n.,เมาซฺ,หนู
599,move,v.,มูวฟฺ,เคลื่อนที่
600,movie,n.,มูฟวี,ภาพยนตร์
601,mud,n.,มัด,โคลน
602,mum,v.,มัม,แม่
603,museum,n.,มิวเซียม,พิพิธภัณฑ์
604,mushroom,n.,มัชรูม,เห็ด
605,music,n.,มิวสิค,ดนตรี
606,musician,n.,มิวซิคเชิน,นักดนตรี
607,mustache,n.,มัสแทช,หนวด
608,nail,n.,เนล,ตะปู
609,name,n.,เนม,"ชื่อ, นาม"
610,napkin,n.,แนพคิน,ผ้าเช็ดปากและมือ
611,nationality,n.,แนชชะแนลลิที,สัญชาติ
612,navy,n.,เนฟวี่,ทหารเรือ
613,near,adv.,เนียร์,ใกล้
614,neck,n.,เนค,คอ
615,necklace,n.,เนคเลส,สร้อยคอ
616,necktie,n.,เนคไท,"เนคไท, ผ้าผูกคอ"
617,need,v.,นีด,"ต้องการ, จำเป็นต้อง"
618,nephew,n.,เนฟฟิว,หลานชาย
619,nest,n.,เนสทฺ,รังนก
620,net,n.,เนท,ตาข่าย
621,never,adv.,เนฟเวอะ,ไม่เคย
622,new,adj.,นิว,"รุ่นใหม่, ใหม่"
623,news,n.,นิวซฺ,ข่าว
624,newspaper,n.,นิวซฺเพเพอะ,หนังสือพิมพ์
625,next,adj.,เนกซทฺ,"ติดกัน, ถัดจากนั้น, ถัดไป"
626,nice,adj.,ไนซฺ,"ดีงาม, อ่อนโยน"
627,niece,n.,นีซ,หลานสาว
628,night,n.,ไนทฺ,กลางคืน
629,nobody,pron.,โนบอดี,ไม่มีใคร
630,noise,n.,นอยซฺ,เสียงรบกวน
631,noisy,adj.,นอยซี,อึกทึก
632,noodle,n.,นูดเดิล,"ก๋วยเตี๋ยว, บะหมี่"
633,normal,adj.,นอร์มอล,"ปกติ, ธรรมดา"
634,north,n.,นอร์ธ,ทิศเหนือ
635,nose,n.,โนส,จมูก
636,note,v.,โนท,"จดบันทึก, สังเกต"
637,notebook,n.,โนทบุค,สมุดบันทึก
638,nothing,n.,นัธธิง,ไม่มีอะไร
639,now,adv.,นาว,"เดี๋ยวนี้, บัดนี้, เวลานี้"
640,number,n.,นัมเบอะ,ตัวเลข
641,nursery,adj.,เนิร์ซเซอะรี,"ห้องหรือสถานที่เลี้ยงเด็ก, เรือนเพาะต้นไม้"
642,octopus,n.,ฮอคโทเพิส,ปลาหมึกยักษ์
643,often,adv.,ออฟเฟิน,"บ่อยๆ, มักจะ"
644,Oh!,interj.,โอ,คำแสดงความประหลาดใจ
645,oil,n.,ออยลฺ,น้ำมัน
646,okay,adv.,โอเค,"ใช้ได้, ตกลง"
647,old,adj.,โอลดฺ,"เก่า, ชรา, แก่"
648,olive,n.,โอลีฟ,มะกอก
649,once,adv.,วันซฺ,ครั้งหนึ่ง
650,onion,n.,อันเยิน,หัวหอม
651,only,adv.,โอนลี,เท่านั้น
652,open,v.,โอเพิน,เปิด
653,opinion,n.,โอพินเยิน,ข้อคิดเห็น
654,opposite,prep.,ออพโพสิท,ตรงกันข้าม
655,or,conj.,ออร์,"มิฉะนั้น, หรือ"
656,orange,n.,ออเรนจฺ,ส้ม
657,orchid,n.,ออร์คิด,กล้วยไม
658,order,n.,ออร์เดอะ,"แถว, ลำดับ"
659,ostrich,n.,ออสตริช,นกกระจอกเทศ
660,other,pron.,อัธเธอะ,"คนอื่นๆ, อีก, อื่นๆ"
661,outdoor,adj.,เอาทฺดอร์,"นอกบ้าน, กลางแจ้ง"
662,outside,adv.,เอาทฺไซดฺ,"ข้างนอก, ภายนอก"
663,oven,n.,อัฟเวิน,เตาอบ
664,over,prep.,โอเวอะ,"บน, เหนือ, เกิน, มากเกินไป, เหลือ"
665,own,adj.,โอน,"เป็นเจ้าของ, ด้วยตนเอง"
666,owner,n.,โอนเนอะ,เจ้าของ
667,oxygen,n.,ออฟซิเจน,ธาตุออกซิเจน
668,page,n.,เพจ,หน้าหนังสือ
669,paint,n.,เพนทฺ,สี
670,painting,n.,เพนทิ่ง,"การวาดภาพสี, การทาสี"
671,pajamas,n.,พาจาเมิส,ชุดนอน
672,pan,n.,แพน,กระทะ
673,panda,n.,แพนดา,หมีแพนด้า
674,pant,v.,แพนทฺ,หายใจหอบ
675,papaya,n.,พะพายะ,มะละกอ
676,paper,n.,เพเพอะ,กระดาษ
677,parents,n.,แพเรินทฺซฺ,พ่อแม่
678,Paris,n.,แพริส,เมืองปารีสเมืองหลวงของฝรั่งเศส
679,park,n.,พาร์ค,"สวนธรรมชาติ, อุทยาน, จอดรถ"
680,parking,n.,พาร์คคิง,"ที่จอดรถ, การจอดรถ"
681,parrot,n.,แพร์เริท,นกแก้ว
682,party,n.,พาร์ที,"พรรค, งานปาร์ตี้"
683,pass,v.,พาส,ผ่าน
684,passage,n.,พาสเสจ,"ทางผ่าน, ข้อความในหนังสือ, ค่าโดยสาร"
685,passenger,n.,พาสเซนเจอะ,ผู้โดยสาร
686,passport,n.,พาสปอร์ท,หนังสือเดินทาง
687,password,n.,พาสเวิร์ด,รหัสผ่าน
688,pasta,n.,พาสตา,"แป้งพาสต้า, อาหารอิตาลี"
689,pastime,n.,พาสไทม์,"งานอดิเรก, กิจกรรมฆ่าเวลา"
690,paw,n.,พอวฺ,อุ้งเทา
691,pay,v.,เพ,"จ่าย, ชำระค่าจ้าง,"
692,pea,n.,พี,ถั่ว
693,peach,n.,พีช,ลูกพีช
694,peak,n.,พีค,จุดที่สูงสุด
695,pear,n.,แพร์,ลูกแพร์
696,pencil,n.,เพนเซิล,ดินสอ
697,penguin,n.,เพนกวิน,นกเพนกวิน
698,people,n.,พีเพิล,"ประชาชน, ผู้คน"
699,pepper,n.,เพพเพอะ,พริกไทย
700,perform,v.,เพอฟอร์ม,"แสดงดนตรี, กระทำ, ปฏิบัติ"
701,person,n.,เพอเซิน,บุคคล
702,pet,n.,เพท,สัตวเลี้ยง
703,phone,n.,โฟน,โทรศัพท์
704,photo,n.,โฟโท,รูปภาพ
705,photograph,n.,โฟเทอะกราฟ,ภาพถ่าย
706,photographer,n.,เฟอะทอกราฟเฟอะ,ช่างภาพ
707,pick,v.,พิค,"เลือก, หยิบ"
708,picnic,n.,พิคนิค,"ปิกนิค, การนำอาหารไปรับประทานนอกบ้าน"
709,picture,n.,พิคเจอะ,รูปภาพ
710,pie,n.,พาย,ขนมพาย
711,pigeon,n.,พิจเจิน,นกพิราบ
712,pilot,n.,ไพเลิท,นักบิน
713,place,n.,เพลส,"สถานที่, บริเวณ"
714,plain,adj.,เพลน,"ชัดเจน, เรียบง่าย"
715,plan,n.,แพลน,"แบบแปลน, แผน"
716,planet,n.,แพลนเนท,ดาวเคราะห์
717,plant,n.,แพลนทฺ,พืช
718,plastic,n.,พลาสติก,พลาสติก
719,plate,n.,เพลท,จาน
720,play,v.,เพล,เล่น
721,player,n.,เพลเยอะ,ผู้เล่น
722,playful,adj.,เพลฟูล,"ร่าเริง, ขี้เล่น"
723,playground,n.,เพลกราวดฺ,สนามเด็กเล่น
724,please,v.,พลีส,ทำให้พอใจ
725,pocket,n.,พอคคิท,ถุง
726,point,n.,พอยทฺ,"ประเด็น, จุดสำคัญ"
727,polar bear,n.,โพลา แบร์,หมีขั้วโลก
728,police,n.,เพอะลิส,ตำรวจ
729,polite,adj.,เพอะไลท์,สุภาพ
730,pollution,n.,เพอะลูเชิน,มลภาวะ
731,pool,n.,พูล,"สระน้ำ, สระว่ายน้ำ"
732,poor,adv.,พัวร์,ยากจน
733,pop,n.,พอพ,เพลงป๊อป
734,popcorn,n.,พอพคอร์น,ข้าวโพดขั้ว
735,popular,adj.,พอพพิวละ,"เป็นที่นิยมของประชาชน, โด่งดัง"
736,pork,n.,พอร์ค,เนื้อหมู
737,possible,adj.,พอสสิเบิล,เป็นไปได้
738,poster,n.,โพสเทอะ,ใบโฆษณา
739,postman,n.,โพสทฺเมิน,บุรุษไปรษณีย์
740,pot,n.,พอท,หม้อ
741,pour,v.,พอร์,เท
742,practice,n.,แพรคทิซ,การปฏิบัติ
743,present,v.,พริเซนทฺ,นำเสนอ
744,pretty,adv.,พริทที,"น่ารัก, เก๋, สละสลวย"
745,price,n.,ไพรซฺ,ราคา
746,problem,n.,พรอบเบลม,ปัญหา
747,program,n.,โพรแกรม,รายการ
748,protect,v.,โพรเทคทฺ,ป้องกัน
749,pub,n.,พับ,"โรงเหล้า, ภัตตาคารเล็กๆ"
750,pudding,n.,พุดดิง,ขนมพุดดิ้ง
751,pumpkin,n.,พัมพฺคิน,ฟักทอง
752,purple,n.,เพอเพิล,สีม่วง
753,push,v.,พุช,"ผลัก, ดัน"
754,put,v.,พุท,"บรรจุ, วาง, เก็บ, ใส่"
755,pyramid,n.,พิรามิด,พีระมิด
756,queen,n.,ควีน,พระราชินี
757,question,n.,เควสเชิน,คำถาม
758,quiet,adj.,ไควอิท,เงียบ
759,quiz,n.,ควิซ,การสอบ
760,radio,n.,เรดิโอ,วิทยุ
761,railway,n.,เรลเว,ทางรถไฟ
762,raincoat,n.,เรนโคท,เสื้อกันฝน
763,rainy,adj.,เรนนี,ซึ่งมีฝนตก
764,rarely,adj.,แรร์ลี,นานๆครั้ง
765,read,v.,รีด,อ่าน
766,ready,adj.,เรดดี,มีความพร้อม
767,record,n.,เรคเคิด,บันทึก
768,red,adj.,เรด,แดง
769,refrigerator,n.,รีฟริจจะเรเทอะ,ตู้เย็น
770,relax,v.,รีแลกซฺ,ผ่อนคลาย
771,remember,v.,รีเมมเบอะ,จดจำ
772,repeat,v.,รีพีท,"พูดซ้ำ, ทำซ้ำ"
773,resort,n.,รีสอร์ท,"สถานที่พักตากอากาศ, รีสอร์ต"
774,restaurant,n.,เรสเตอรอนทฺ,"ร้านอาหาร, ภัตตาคาร"
775,return,v.,รีเทิร์น,"กลับ, คืน, ย้อน, ส่งคืน"
776,rhino,n.,ไรโน,แรด
777,rice,n.,ไรซฺ,ข้าว
778,rich,adj.,ริช,ร่ำรวย
779,ride,v.,ไรดฺ,ขี่
780,right,adj.,ไรทฺ,"เป็นธรรม, ถูกต้อง"
781,ring,n.,ริง,"แหวนสวมนิ้ว, ล้อ, ห่วง"
782,river,n.,ริเวอะ,แม่น้ำ
783,road,n.,โรดฺ,ถนน
784,rock,v.,รอค,"โยก, แกว่ง, เขย่า"
785,roof,n.,รูฟ,หลังคา
786,room,n.,รูม,ห้อง
787,roommate,n.,รูมเมท,เพื่อนร่วมห้อง
788,row,v.,โรวฺ,พาย
789,rude,adj.,รูด,หยาบคาย
790,rug,n.,รัก,พรม
791,rugby,n.,รักบี,กีฬารักบี้
792,run,v.,รัน,"วิ่ง, หนี"
793,running,v.,รันนิ่ง,"การแข่งขัน, การวิ่ง"
794,sad,adj.,แซด,เสียใจ
795,safe,adj.,เซฟ,"ตู้นิรภัย, ความปลอดภัย, พ้นภัย"
796,sale,n.,เซล,ขาย
797,salesman,n.,เซลซฺเมิน,พนักงานขาย
798,salmon,n.,ซาลเมิน,ปลาแซลมอน
799,salt,n.,ซอลทฺ,เกลือ
800,sand,n.,แซนดฺ,"ทราย, หาดทราย"
801,sauce,n.,ซอส,ซอสปรุงรส
802,say,v.,เซ,พูด
803,scan,v.,สแกน,ตรวจสอบ
804,scarf,v.,สการ์ฟ,ผ้าพันคอ
805,scary,adj.,สแกรี,น่ากลัว
806,science,n.,ไซเอินซฺ,วิทยาศาสตร์
807,scientist,n.,ไซเอินทิสทฺ,นักวิทยาศาสตร์
808,scissors,v.,ซิสเซอร์ซฺ,กรรไกร
809,Scotland,n.,สกอทเลินดฺ,ประเทศสกอตแลนด์
810,scout,n.,สเกาทฺ,"ลูกเสือ, เนตรนารี"
811,scream,v.,สกรีม,กรีดร้อง
812,seafood,n.,ซีฟูด,อาหารทะเล
813,seal,n.,ซีล,แมวน้ำ
814,season,n.,ซีเซิน,ฤดูกาล
815,seldom,adv.,เซลเดิม,"ไม่ค่อยจะ, แทบจะไม่"
816,select,v.,ซีเลคทฺ,เลือก
817,selfish,adj.,เซลฟิช,เห็นแก่ตัว
818,sell,v.,เซล,ขาย
819,send,v.,เซนดฺ,ส่ง
820,shake,v.,เชค,"เขย่า, สั่น"
821,shampoo,n.,แชมพู,แชมพู
822,shark,n.,ชาร์ค,ปลาฉลาม
823,sheep,n.,ซีพ,แกะ
824,shoe,n.,ซู,รองเท้า
825,shop,n.,ชอพ,ร้าน
826,shopper,n.,ชอพเพอะ,ลูกค้า
827,shopping,n.,ชอพพิง,การซื้อของตามห้างสรรพสินค้า
828,short,adj.,ชอร์ท,สั้น
829,shoulder,n.,โชวฺเดอะ,ไหล่
830,shout,v.,เชาทฺ,ตะโกน
831,show,v.,โชวฺ,"แสดงสินค้า, แสดง"
832,shower,n.,เชาเออะ,การอาบน้ำฝักบัว
833,shrimp,n.,ชริมพฺ,กุ้ง
834,shy,adj.,ชาย,ขี้อาย
835,sick,adj.,ซิค,ป่วย
836,since,prep.,ซินซฺ,"ตั้งแต่, ตั้งแต่นั้นมา"
837,sister,n.,ซิสเทอะ,"พี่สาว, น้องสาว"
838,sister-in-law,n.,ซิสเทอะ อิน ลอวฺ,น้องสะใภ้
839,situation,n.,ซิทชูเอเชิน,สถานการณ์
840,size,n.,ไซซฺ,ขนาด
841,skate,n.,สเกท,รองเท้าสเกต
842,skin,n.,สกิน,ผิวหนัง
843,skirt,n.,สเกิร์ท,กระโปรง
844,sky,n.,สกาย,ท้องฟ้า
845,sleep,v.,สลีพ,นอน
846,sleepy,adj.,สลีพพี,"ขี้เซา, ง่วง, อย่างง่วงนอน"
847,slice,v.,สไลซฺ,"แล่, เฉือนเป็นแผ่นบางๆ"
848,slide,v.,สไลดฺ,"ลื่น, ลื่นไถล"
849,slim,adj.,สลิม,ผอมบาง
850,smart,adj.,สมาร์ท,"ผึ่งผาย, ฉลาด"
851,smile,v.,สมายลฺ,"รอยยิ้ม, ยิ้ม"
852,smoke,n.,สโมค,ควันไฟหรือบุหรี่
853,snack,n.,สแนค,อาหารว่าง
854,snail,n.,สเนล,หอยโข่ง / หอยทาก
855,snake,n.,สเนค,"งู, งูพิษ, บุคคลทรยศ"
856,sneaker,n.,สนีคเกอะ,รองเท้ากีฬาเป็นรองเท้าผ้าใบพื้นบาง
857,soap,n.,โซพ,สบู่
858,soccer,n.,ซอคเคอะ,กีฬาฟุตบอล
859,sock,n.,ซอค,ถุงเท้า
860,soda,n.,โซดา,โซดาคือน้ำอัดด้วยก๊าซคาร์บอนไดอ็อกไซด์
861,soft,adj.,ซอฟทฺ,อ่อนโยน
862,soldier,n.,โซลเจอะ,ทหาร
863,some,pron.,ซัม,"บ้าง, บาง (สิ่ง/คน)"
864,soon,adv.,ซูน,"ไม่นาน, ในไม่ช้า"
865,sorry,adj.,ซอร์รี,เสียใจ
866,sound,n.,ซาวนดฺ,เสียง
867,soup,n.,ซุพ,น้ำแกง
868,south,n.,เซาทฺ,ทิศใต้
869,space,n.,สเปส,อวกาศ
870,Spanish,adj.,สแปนิช,ชาวสเปน
871,speak,v.,สปีค,"พูด, คุย, กล่าว"
872,spell,v.,สเปล,"สะกด, ร่ายมนต์คาถา"
873,spelling,n.,สเปลลิง,"ตัวสะกด, การสะกด"
874,spend,v.,สเปนดฺ,"จ่ายเงิน, ใช้เงิน"
875,spicy,adj.,สไปซี,รสเผ็ดร้อน
876,spider,n.,สไปเดอะ,แมงมุม
877,sport,n.,สปอร์ท,กีฬา
878,spring,n.,สปริง,ฤดูใบไม้ผลิ
879,standard,n.,สแตนดาร์ด,มาตรฐาน
880,start,v.,สตาร์ท,"เริ่ม, ตั้งต้น"
881,stay,v.,สเต,อยู่
882,stepfather,n.,สเตพฟาเธอะ,พ่อเลี้ยง
883,stepmother,n.,สเตพมาเธอะ,แม่เลี้ยง
884,stomach,n.,สตัมมัค,ท้อง
885,stop,v.,สตอพ,หยุด
886,store,n.,สตอร์,"ร้านค้า, สินค้า, โกดัง"
887,story,n.,สตอรี,เรื่องราว
888,straight,adj.,สเตรท,ตรง
889,strawberry,n.,สตรอเบอรี่,สตรอเบอรี่
890,street,n.,สตรีท,ถนน
891,strong,adj.,สตรอง,"แข็งแรง, มีกำลัง, เข้มข้น"
892,student,n.,สตูวเดินทฺ,นักเรียน
893,studio,n.,สตูดิโอ,"โรงถ่ายทำภาพยนตร์, ห้องกระจายเสียง"
894,study,v.,สตัดดี,เรียน
895,subject,n.,ซับเจคทฺ,"เรื่อง, วิชา"
896,sugar,n.,ชูกะ,น้ำตาล
897,summer,n.,ซัมเมอะ,ฤดูร้อน
898,sunglasses,n.,ซันกลาสซิส,แว่นตากันแดด
899,super,n.,ซุพเพอะ,"ดีเยี่ยม, เกินปกติ, เป็นพิเศษ"
900,supermarket,n.,ซุพเพอะมาร์เกท,ห้างสรรพสินค้า
901,superstar,n.,ซูพเพอะสตาร์,"นักแสดง, หรือนักร้องที่มีชื่อเสียงโด่งดัง"
902,surname,n.,เซอเนม,นามสกุล
903,surprised,adj.,เซอไรซทฺ,"รู้สึกประหลาดใจ, สะดุ้ง"
904,sushi,n.,ซูชิ,"ข้าวห่อสาหร่าย, ข้าวปั้น"
905,sweater,n.,สเวทเทอะ,"เสื้อที่ถักด้วยขนสัตว, เสื้อกันหนาว"
906,sweet,adj.,สวีท,หวาน
907,swim,v.,สวิม,ว่ายน้ำ
908,syllable,n.,ซิลละเบิล,พยางค์
909,table,n.,เทเบิล,โต๊ะ
910,tablespoon,n.,เทเบิลสปูน,ช้อนโต๊ะ
911,take,v.,เทค,"เอา, เอาไป, จับ, ยึด"
912,talk,v.,ทอลค,"พูด, คุย"
913,talk to,v.,ทอลค ทู,พูดกับ
914,talkative,adj.,ทอลคกะทีฟ,ช่างพูด
915,tall,adj.,ทอล,สูง
916,tasty,adj.,เทสตี,"อร่อย, ซึ่งมีรสนิยมดี"
917,teach,v.,ทีช,"สอน, สอนหนังสือ"
918,teacher,n.,ทีชเชอะ,ครู
919,team,n.,ทีม,กลุ่ม
920,teaspoon,n.,ทีสปูน,ช้อนชา
921,teeth,n.,ทีธ,ฟัน
922,temple,n.,เทมเพิล,วัดวาอาราม
923,tense,adj.,เทนซฺ,"ตึง, เครียด"
924,tent,n.,เทนทฺ,เต็นท์
925,test,n.,เทสทฺ,การทดสอบ
926,text,n.,เทกซฺ,"ใจความ, ตำรา"
927,theater,n.,เธียเทอะ,โรงละคร
928,thick,adj.,ธิค,หนาแน่น
929,thief,n.,ธีฟ,หัวขโมย
930,thin,adj.,ธิน,"บางผอม, น้อย"
931,thing,n.,ธิง,สิ่งของ
932,think,v.,ธิงคฺ,คิด
933,thirsty,adj.,เธิร์สตี,กระหายน้ำ
934,throw,v.,โธรว,"ขว้าง, ปา, โยน"
935,tick,n.,ทิค,"เสียงดังติ๊กๆของนาฬิกา, เครื่องหมายขีด"
936,ticket,n.,ทิคเคท,ตั๋ว
937,tie,n.,ไท,"เนคไท, เชือก, คะแนนเสมอกัน"
938,tiger,n.,ไทเกอะ,เสือ
939,time,n.,ไทมฺ,"เวลา, กาลเวลา"
940,timetable,n.,ไทมฺเทเบิล,ตารางเวลา
941,tired,adj.,ไทเอด,รู้สึกเหนื่อย
942,title,n.,ไทเทิล,"ยศ, ตำแหน่ง, ชื่อเรื่อง"
943,today,adv.,ทะเด,"ทุกวันนี้, ในวันนี้, วันนี้"
944,tomato,n.,ทะเมโท,มะเขือเทศ
945,tomorrow,adv.,ทูมอโร,พรุ่งนี้
946,too,adv.,ทู,"ด้วยเช่นกัน, เกินไป"
947,tool,n.,ทูลฺ,"เครื่องมือ, อุปกรณ์"
948,toothache,n.,ทูธเธค,อาการปวดฟัน
949,toothbrush,n.,ทูธบรัช,แปรงสีฟัน
950,toothpaste,n.,ทูธเพสทฺ,ยาสีฟัน
951,top,n.,ทอพ,ส่วนบน
952,touch,v.,ทัช,สัมผัส
953,tour,n.,ทัวร์,การท่องเที่ยว
954,tourist,n.,ทัวริสทฺ,นักท่องเที่ยว
955,towel,n.,ทาวเอิล,"ผ้าขนหนู, ผ้าเช็ดจานชาม"
956,town,n.,ทาวนฺ,เมือง
957,toy,n.,ทอย,ของเล่น
958,traffic,n.,ทราฟฟิค,การจราจร
959,traffic light,n.,ทราฟฟิค ไลทฺ,สัญญาณไฟจราจร
960,train,n.,เทรน,"รถไฟ, ฝึก, อบรม"
961,trainer,n.,เทรนเนอะ,"ผู้ฝึก, รองเท้าผ้าใบ"
962,travel,n.,ทราเวิล,"การท่องเที่ยว, เดินทาง"
963,trousers,n.,เทราเซอะซฺ,กางเกงขายาว
964,truck,n.,ทรัค,รถบรรทุก
965,try,v.,ทราย,"พยายาม, ลอง, ชิม"
966,t-shirt,n.,ที เชิร์ท,เสื้อยืดคอกลม
967,Turkey,n.,เทอร์คี,ประเทศตุรกี
968,turn,v.,เทิร์น,"เลี้ยว, กลายเป็น"
969,turn on,v.,เทิร์นออน,เปิด
970,turn up,v.,เทิร์นอัพ,เพิ่ม
971,tutor,n.,ทิวเทอะ,"พี่เลี้ยง, ครูสอนพิเศษ"
972,twice,adv.,ทไวซฺ,2 ครั้ง
973,twin,n.,ทวิน,"สิ่งที่เป็นคู่, ฝาแฝด"
974,ugly,adj.,อักลี่,น่าเกลียด
975,umbrella,n.,อัมเบรลละ,ร่ม
976,uncle,n.,อังเคิล,"ลุง, อาชาย, น้าชาย"
977,under,prep.,อันเดอะ,"ต่ำกว่า, ใต้"
978,understand,v.,อันเดอะสแตนดฺ,เข้าใจ
979,underwear,n.,อันเดอะวอเทอะ,ชุดชั้นใน
980,university,n.,ยูนิเวอร์ซิที,มหาวิทยาลัย
981,use,v.,ยูส,"ใช้, ใช้สอย"
982,Valentines Day,n.,วาเลนไทนฺซฺ เด,วันแห่งความรัก
983,vegetable,n.,เวจทะเบิล,"ผัก, พืชผัก"
984,vehicle,n.,วีฮิเคิล,พาหนะ
985,video,n.,เรดิโอ,วีดีโอ
986,vinegar,n.,วินนะเกอะ,น้ำส้มสายชู
987,visit,v.,วิซิท,ไปเยี่ยมเยียน
988,vocabulary,n.,โวแคบบิวเลอรี,คำศัพท์
989,voice,n.,วอยซฺ,"เสียงพูด, เสียงร้อง, ออกเสียง"
990,volcano,n.,วอลเคโน,ภูเขาไฟ
991,volleyball,n.,วอลลีบอล,กีฬาวอลเลย์บอล
992,vowel,n.,วาวเอิล,สระ
993,wait,v.,เวท,"คอย, รอ"
994,waiter,n.,เวทเทอะ,"บริกร, พนักงานเสิร์ฟ"
995,walk,v.,วอล์ค,เดิน
996,wall,n.,วอล,"ผนัง, กำแพง"
997,wallet,n.,วอลลิท,กระเป๋าสตางค์
998,want,v.,วอนทฺ,ต้องการ
999,war,n.,วอร์,สงคราม
1000,warm,adj.,วอร์ม,อบอุ่น
1001,wash,v.,วอช,"ล้าง, สระผม, ซักผ้า"
1002,watch,n.,วอทชฺ,นาฬิกาข้อมือ
1003,water,n.,วอเทอะ,น้ำ
1004,waterfall,n.,วอเทอะฟอล,น้ำตก
1005,watermelon,n.,วอเทอะเมเลิน,แตงโม
1006,way,n.,เว,"ทาง, ระยะทาง, วิธี, หนทาง"
1007,wear,v.,แวร์,สวมใส่
1008,weather,n.,เวธเธอะ,สภาพอากาศ
1009,website,n.,เวบไซทฺ,เว็บไซต์
1010,week,n.,วีค,สัปดาห์
1011,weekend,n.,วีคเคนดฺ,วันสุดสัปดาห์
1012,welcome,n.,เวลคัม,ยินดีต้อนรับ
1013,west,n.,เวสทฺ,ตะวันตก
1014,whale,n.,เวล,ปลาวาฬ
1015,what,pron.,วอท,"อะไร, สิ่งใดๆ"
1016,when,pron.,เวน,"ขณะที่, ในเมื่อ, เมื่อ, ครั้น"
1017,which,pron.,วิช,"อันไหน, สิ่งไหน, คนไหน"
1018,who,pron.,ฮู,ใคร
1019,whose,adj.,ฮูส,ของใคร
1020,why,adv.,วาย,ทำไม
1021,wife,n.,ไวฟฺ,ภรรยา
1022,win,v.,วิน,ชนะ
1023,wind,n.,วินดฺ,ลม
1024,window,n.,วินโดวฺ,หน้าต่าง
1025,wine,n.,ไวนฺ,เหล้าองุ่น
1026,wing,n.,วิง,"ปีก, ปีกเครื่องบิน"
1027,winter,n.,วินเทอะ,"ฤดูหนาว, หนาว"
1028,woman,n.,วูเมิน,ผู้หญิง
1029,wonderful,adj.,วันเดอะฟูล,ดีเยี่ยม
1030,wood,n.,วูด,"ป่าไม้, เนื้อไม้"
1031,work,n.,เวิร์ค,งาน
1032,worker,n.,เวิร์คเคอะ,คนงาน
1033,world,n.,เวิร์ลดฺ,โลก
1034,worry,v.,วอรรี่,"กวนใจ, รบกวน, รังควาน"
1035,worse,adj.,เวิร์ส,แย่ลง
1036,wow!,interj.,วาว,ทำอุทานแสดงความประหลาดใจหรือยินดี
1037,write,v.,ไวรทฺ,เขียน
1038,wrong,adj.,วรอง,ผิด
1039,year,n.,เยียร์,"ปี, อายุ"
1040,yellow,adj.,เยลโลว,สีเหลือง
1041,yesterday,n.,เยสเทอะเด,เมื่อวานนี้
1042,young,adj.,ยัง,"เด็ก, เยาว์, หนุ่ม, อ่อน"
1043,zebra,n.,ซีบระ,ม้าลาย
